id,item_id,dept_id,cat_id,store_id,state_id,d,sales,date,wday,month,year,event_name_1,event_type_1,snap_CA,wm_yr_wk,sell_price,day_name,lag_7,lag_14,lag_28,rolling_mean_7,rolling_mean_28,rolling_std_7,day_of_week,day_of_month,week_of_year,is_weekend,is_month_start,is_month_end,is_event,is_sporting_event,is_national_event,is_religious_event,is_cultural_event,price_change,price_vs_avg,is_early_month
FOODS_3_406_CA_4_evaluation,FOODS_3_406,FOODS_3,FOODS,CA_4,CA,d_1941,3,2016-05-22,2,5,2016,,,0,11617,0.8,Mon,8.0,3.0,2.0,5.857142857142857,4.464285714285714,3.236694374850708,6,22,20,1,0,0,0,0,0,0,0,0.0,0.9785608953756568,0
HOUSEHOLD_1_334_CA_2_evaluation,HOUSEHOLD_1_334,HOUSEHOLD_1,HOUSEHOLD,CA_2,CA,d_1941,14,2016-05-22,2,5,2016,,,0,11617,0.97,Mon,10.0,1.0,9.0,8.0,6.964285714285714,3.55902608401062,6,22,20,1,0,0,0,0,0,0,0,0.0,0.9913153191041948,0
FOODS_3_295_CA_3_evaluation,FOODS_3_295,FOODS_3,FOODS,CA_3,CA,d_1941,13,2016-05-22,2,5,2016,,,0,11617,0.8,Mon,21.0,15.0,15.0,14.285714285714286,13.642857142857142,5.407226205560108,6,22,20,1,0,0,0,0,0,0,0,0.0,0.9920396611425576,0
FOODS_3_295_CA_2_evaluation,FOODS_3_295,FOODS_3,FOODS,CA_2,CA,d_1941,9,2016-05-22,2,5,2016,,,0,11617,0.8,Mon,15.0,4.0,16.0,6.0,6.714285714285714,4.654746681256338,6,22,20,1,0,0,0,0,0,0,0,0.0,0.9782156761455983,0
FOODS_3_295_CA_1_evaluation,FOODS_3_295,FOODS_3,FOODS,CA_1,CA,d_1941,40,2016-05-22,2,5,2016,,,0,11617,0.8,Mon,40.0,20.0,24.0,26.428571428571427,21.285714285714285,13.575187449376696,6,22,20,1,0,0,0,0,0,0,0,0.0,0.9777844944839048,0
FOODS_3_288_CA_4_evaluation,FOODS_3_288,FOODS_3,FOODS,CA_4,CA,d_1941,0,2016-05-22,2,5,2016,,,0,11617,1.5,Mon,3.0,5.0,19.0,6.0,6.428571428571429,2.449489742783161,6,22,20,1,0,0,0,0,0,0,0,0.0,1.0,0
FOODS_3_288_CA_3_evaluation,FOODS_3_288,FOODS_3,FOODS,CA_3,CA,d_1941,37,2016-05-22,2,5,2016,,,0,11617,1.5,Mon,37.0,54.0,64.0,30.0,36.42857142857143,3.785938897200543,6,22,20,1,0,0,0,0,0,0,0,0.0,1.0041576233270977,0
FOODS_3_288_CA_2_evaluation,FOODS_3_288,FOODS_3,FOODS,CA_2,CA,d_1941,50,2016-05-22,2,5,2016,,,0,11617,1.5,Mon,45.0,47.0,54.0,31.285714285714285,31.678571428571427,12.134170562428023,6,22,20,1,0,0,0,0,0,0,0,0.0,1.0,0
FOODS_3_288_CA_1_evaluation,FOODS_3_288,FOODS_3,FOODS,CA_1,CA,d_1941,13,2016-05-22,2,5,2016,,,0,11617,1.5,Mon,16.0,12.0,24.0,11.428571428571429,13.142857142857142,5.968169536721293,6,22,20,1,0,0,0,0,0,0,0,0.0,1.0,0
FOODS_3_282_CA_4_evaluation,FOODS_3_282,FOODS_3,FOODS,CA_4,CA,d_1941,10,2016-05-22,2,5,2016,,,0,11617,2.56,Mon,9.0,3.0,10.0,7.142857142857143,6.642857142857143,2.911389784310975,6,22,20,1,0,0,0,0,0,0,0,0.0,1.022120329636285,0
FOODS_3_282_CA_3_evaluation,FOODS_3_282,FOODS_3,FOODS,CA_3,CA,d_1941,40,2016-05-22,2,5,2016,,,0,11617,2.56,Mon,43.0,24.0,38.0,27.714285714285715,26.535714285714285,7.15807901870924,6,22,20,1,0,0,0,0,0,0,0,0.0,1.0235631738152484,0
FOODS_3_282_CA_2_evaluation,FOODS_3_282,FOODS_3,FOODS,CA_2,CA,d_1941,21,2016-05-22,2,5,2016,,,0,11617,2.56,Mon,7.0,8.0,17.0,9.0,9.857142857142858,2.828427124746413,6,22,20,1,0,0,0,0,0,0,0,0.0,1.022120329636285,0
FOODS_3_282_CA_1_evaluation,FOODS_3_282,FOODS_3,FOODS,CA_1,CA,d_1941,41,2016-05-22,2,5,2016,,,0,11617,2.56,Mon,5.0,37.0,31.0,13.571428571428571,21.75,4.96175852083126,6,22,20,1,0,0,0,0,0,0,0,0.0,1.022120329636285,0
FOODS_3_281_CA_4_evaluation,FOODS_3_281,FOODS_3,FOODS,CA_4,CA,d_1941,6,2016-05-22,2,5,2016,,,0,11617,1.25,Mon,8.0,7.0,8.0,7.571428571428571,7.178571428571429,3.735288603626402,6,22,20,1,0,0,0,0,0,0,0,0.0,1.0204469283175608,0
FOODS_3_281_CA_3_evaluation,FOODS_3_281,FOODS_3,FOODS,CA_3,CA,d_1941,22,2016-05-22,2,5,2016,,,0,11617,1.25,Mon,1.0,16.0,15.0,14.857142857142858,15.464285714285714,13.897584579447278,6,22,20,1,0,0,0,0,0,0,0,0.0,1.0728470943262258,0
FOODS_3_281_CA_2_evaluation,FOODS_3_281,FOODS_3,FOODS,CA_2,CA,d_1941,9,2016-05-22,2,5,2016,,,0,11617,1.25,Mon,8.0,9.0,21.0,7.285714285714286,7.607142857142857,2.28868854108557,6,22,20,1,0,0,0,0,0,0,0,0.0,1.0208390515803476,0
FOODS_3_281_CA_1_evaluation,FOODS_3_281,FOODS_3,FOODS,CA_1,CA,d_1941,13,2016-05-22,2,5,2016,,,0,11617,1.25,Mon,21.0,10.0,14.0,12.142857142857142,10.75,4.98091596089736,6,22,20,1,0,0,0,0,0,0,0,0.0,1.0213824892580563,0
FOODS_3_252_CA_4_evaluation,FOODS_3_252,FOODS_3,FOODS,CA_4,CA,d_1941,12,2016-05-22,2,5,2016,,,0,11617,1.58,Mon,23.0,18.0,9.0,18.285714285714285,15.214285714285714,5.707138387267985,6,22,20,1,0,0,0,0,0,0,0,0.0,1.0398754908143957,0
FOODS_3_252_CA_3_evaluation,FOODS_3_252,FOODS_3,FOODS,CA_3,CA,d_1941,62,2016-05-22,2,5,2016,,,0,11617,1.58,Mon,72.0,57.0,39.0,56.71428571428572,49.35714285714285,17.604112073738932,6,22,20,1,0,0,0,0,0,0,0,0.0,1.0398754908143957,0
FOODS_3_252_CA_2_evaluation,FOODS_3_252,FOODS_3,FOODS,CA_2,CA,d_1941,46,2016-05-22,2,5,2016,,,0,11617,1.58,Mon,46.0,57.0,38.0,39.57142857142857,34.42857142857143,5.094347941825536,6,22,20,1,0,0,0,0,0,0,0,0.0,1.040122368135446,0
FOODS_3_252_CA_1_evaluation,FOODS_3_252,FOODS_3,FOODS,CA_1,CA,d_1941,50,2016-05-22,2,5,2016,,,0,11617,1.58,Mon,61.0,69.0,52.0,40.285714285714285,38.785714285714285,11.2355727596816,6,22,20,1,0,0,0,0,0,0,0,0.0,1.0398754908143957,0
FOODS_3_234_CA_4_evaluation,FOODS_3_234,FOODS_3,FOODS,CA_4,CA,d_1941,13,2016-05-22,2,5,2016,,,0,11617,0.25,Mon,0.0,12.0,0.0,3.2857142857142856,3.2857142857142856,3.4982989063394268,6,22,20,1,0,0,0,0,0,0,0,0.0,1.2374091546602064,0
FOODS_3_234_CA_3_evaluation,FOODS_3_234,FOODS_3,FOODS,CA_3,CA,d_1941,0,2016-05-22,2,5,2016,,,0,11617,0.25,Mon,0.0,0.0,0.0,0.0,0.0714285714285714,0.0,6,22,20,1,0,0,0,0,0,0,0,0.0,1.2374091546602064,0
FOODS_3_295_CA_4_evaluation,FOODS_3_295,FOODS_3,FOODS,CA_4,CA,d_1941,11,2016-05-22,2,5,2016,,,0,11617,0.8,Mon,6.0,16.0,4.0,5.0,5.571428571428571,1.5275252316519814,6,22,20,1,0,0,0,0,0,0,0,0.0,0.9785608953756568,0
FOODS_3_234_CA_2_evaluation,FOODS_3_234,FOODS_3,FOODS,CA_2,CA,d_1941,25,2016-05-22,2,5,2016,,,0,11617,0.25,Mon,0.0,0.0,9.0,9.857142857142858,3.25,13.171036044145897,6,22,20,1,0,0,0,0,0,0,0,0.0,1.2374091546602064,0
FOODS_3_318_CA_1_evaluation,FOODS_3_318,FOODS_3,FOODS,CA_1,CA,d_1941,24,2016-05-22,2,5,2016,,,0,11617,1.48,Mon,14.0,21.0,9.0,11.142857142857142,12.0,3.484660262184471,6,22,20,1,0,0,0,0,0,0,0,0.0,1.1218689223703633,0
FOODS_3_318_CA_3_evaluation,FOODS_3_318,FOODS_3,FOODS,CA_3,CA,d_1941,28,2016-05-22,2,5,2016,,,0,11617,1.48,Mon,24.0,28.0,28.0,19.428571428571427,20.214285714285715,8.79122939557712,6,22,20,1,0,0,0,0,0,0,0,0.0,1.140608683567926,0
FOODS_3_389_CA_4_evaluation,FOODS_3_389,FOODS_3,FOODS,CA_4,CA,d_1941,4,2016-05-22,2,5,2016,,,0,11617,1.68,Mon,3.0,2.0,2.0,4.142857142857143,3.607142857142857,2.267786838055344,6,22,20,1,0,0,0,0,0,0,0,0.0,1.0538412813320062,0
FOODS_3_389_CA_3_evaluation,FOODS_3_389,FOODS_3,FOODS,CA_3,CA,d_1941,22,2016-05-22,2,5,2016,,,0,11617,1.68,Mon,21.0,16.0,20.0,17.428571428571427,17.892857142857142,4.237025012007962,6,22,20,1,0,0,0,0,0,0,0,0.0,1.0538412813320062,0
FOODS_3_389_CA_2_evaluation,FOODS_3_389,FOODS_3,FOODS,CA_2,CA,d_1941,12,2016-05-22,2,5,2016,,,0,11617,1.68,Mon,19.0,10.0,14.0,13.142857142857142,10.678571428571429,3.7161167647860553,6,22,20,1,0,0,0,0,0,0,0,0.0,1.0588716643178615,0
FOODS_3_389_CA_1_evaluation,FOODS_3_389,FOODS_3,FOODS,CA_1,CA,d_1941,14,2016-05-22,2,5,2016,,,0,11617,1.68,Mon,7.0,9.0,11.0,8.0,8.178571428571429,1.999999999999915,6,22,20,1,0,0,0,0,0,0,0,0.0,1.053602931198263,0
FOODS_3_377_CA_4_evaluation,FOODS_3_377,FOODS_3,FOODS,CA_4,CA,d_1941,4,2016-05-22,2,5,2016,,,0,11617,1.68,Mon,5.0,5.0,3.0,4.428571428571429,4.357142857142857,2.370453040886403,6,22,20,1,0,0,0,0,0,0,0,0.0,1.0469726255225422,0
FOODS_3_377_CA_3_evaluation,FOODS_3_377,FOODS_3,FOODS,CA_3,CA,d_1941,9,2016-05-22,2,5,2016,,,0,11617,1.68,Mon,19.0,13.0,14.0,12.857142857142858,11.857142857142858,3.89138242053612,6,22,20,1,0,0,0,0,0,0,0,0.0,1.0472079848934448,0
FOODS_3_377_CA_2_evaluation,FOODS_3_377,FOODS_3,FOODS,CA_2,CA,d_1941,5,2016-05-22,2,5,2016,,,0,11617,1.68,Mon,1.0,9.0,7.0,3.2857142857142856,4.142857142857143,2.214669705568288,6,22,20,1,0,0,0,0,0,0,0,0.0,1.0472079848934448,0
FOODS_3_377_CA_1_evaluation,FOODS_3_377,FOODS_3,FOODS,CA_1,CA,d_1941,9,2016-05-22,2,5,2016,,,0,11617,1.68,Mon,15.0,9.0,12.0,8.714285714285714,8.642857142857142,3.860668582611289,6,22,20,1,0,0,0,0,0,0,0,0.0,1.0469726255225422,0
FOODS_3_376_CA_4_evaluation,FOODS_3_376,FOODS_3,FOODS,CA_4,CA,d_1941,6,2016-05-22,2,5,2016,,,0,11617,1.0,Mon,4.0,2.0,2.0,2.2857142857142856,2.071428571428572,2.214669705568326,6,22,20,1,0,0,0,0,0,0,0,0.0,1.0,0
FOODS_3_376_CA_3_evaluation,FOODS_3_376,FOODS_3,FOODS,CA_3,CA,d_1941,5,2016-05-22,2,5,2016,,,0,11617,1.0,Mon,0.0,0.0,7.0,4.428571428571429,4.071428571428571,5.061526214399807,6,22,20,1,0,0,0,0,0,0,0,0.0,1.0,0
FOODS_3_376_CA_2_evaluation,FOODS_3_376,FOODS_3,FOODS,CA_2,CA,d_1941,1,2016-05-22,2,5,2016,,,0,11617,1.0,Mon,11.0,7.0,5.0,5.285714285714286,4.142857142857143,4.07080195679287,6,22,20,1,0,0,0,0,0,0,0,0.0,1.0,0
FOODS_3_376_CA_1_evaluation,FOODS_3_376,FOODS_3,FOODS,CA_1,CA,d_1941,3,2016-05-22,2,5,2016,,,0,11617,1.0,Mon,5.0,7.0,3.0,10.142857142857142,6.821428571428571,4.561745697594571,6,22,20,1,0,0,0,0,0,0,0,0.0,1.0,0
FOODS_3_362_CA_4_evaluation,FOODS_3_362,FOODS_3,FOODS,CA_4,CA,d_1941,15,2016-05-22,2,5,2016,,,0,11617,2.56,Mon,25.0,0.0,2.0,13.285714285714286,4.75,6.264031867583016,6,22,20,1,0,0,0,0,0,0,0,0.0,1.022327983393246,0
FOODS_3_362_CA_3_evaluation,FOODS_3_362,FOODS_3,FOODS,CA_3,CA,d_1941,27,2016-05-22,2,5,2016,,,0,11617,2.56,Mon,31.0,0.0,40.0,25.428571428571427,11.642857142857142,6.629659188252556,6,22,20,1,0,0,0,0,0,0,0,0.0,1.0743497143465215,0
FOODS_3_362_CA_2_evaluation,FOODS_3_362,FOODS_3,FOODS,CA_2,CA,d_1941,24,2016-05-22,2,5,2016,,,0,11617,2.56,Mon,35.0,0.0,22.0,19.142857142857142,6.464285714285714,9.940297973880046,6,22,20,1,0,0,0,0,0,0,0,0.0,1.022327983393246,0
FOODS_3_362_CA_1_evaluation,FOODS_3_362,FOODS_3,FOODS,CA_1,CA,d_1941,20,2016-05-22,2,5,2016,,,0,11617,2.56,Mon,18.0,0.0,23.0,16.428571428571427,6.642857142857143,9.641181512261896,6,22,20,1,0,0,0,0,0,0,0,0.0,1.0224553184989054,0
FOODS_3_319_CA_4_evaluation,FOODS_3_319,FOODS_3,FOODS,CA_4,CA,d_1941,0,2016-05-22,2,5,2016,,,0,11617,1.0,Mon,0.0,0.0,0.0,0.0,0.0,0.0,6,22,20,1,0,0,0,0,0,0,0,0.0,0.9976254355937954,0
FOODS_3_319_CA_3_evaluation,FOODS_3_319,FOODS_3,FOODS,CA_3,CA,d_1941,0,2016-05-22,2,5,2016,,,0,11617,0.88,Mon,0.0,0.0,0.0,0.0,0.0714285714285714,0.0,6,22,20,1,0,0,0,0,0,0,0,0.0,0.8913375929611396,0
FOODS_3_319_CA_2_evaluation,FOODS_3_319,FOODS_3,FOODS,CA_2,CA,d_1941,0,2016-05-22,2,5,2016,,,0,11617,0.88,Mon,0.0,0.0,0.0,0.0,0.1428571428571428,0.0,6,22,20,1,0,0,0,0,0,0,0,0.0,0.8804970919285325,0
FOODS_3_319_CA_1_evaluation,FOODS_3_319,FOODS_3,FOODS,CA_1,CA,d_1941,0,2016-05-22,2,5,2016,,,0,11617,1.0,Mon,0.0,0.0,0.0,0.0,0.0,0.0,6,22,20,1,0,0,0,0,0,0,0,0.0,1.0,0
FOODS_3_318_CA_4_evaluation,FOODS_3_318,FOODS_3,FOODS,CA_4,CA,d_1941,10,2016-05-22,2,5,2016,,,0,11617,1.48,Mon,8.0,12.0,12.0,7.571428571428571,8.857142857142858,5.126959555693247,6,22,20,1,0,0,0,0,0,0,0,0.0,1.1232814577305077,0
FOODS_3_318_CA_2_evaluation,FOODS_3_318,FOODS_3,FOODS,CA_2,CA,d_1941,9,2016-05-22,2,5,2016,,,0,11617,1.48,Mon,18.0,6.0,13.0,12.285714285714286,11.0,4.386125310349623,6,22,20,1,0,0,0,0,0,0,0,0.0,1.1207047220748416,0
FOODS_3_406_CA_1_evaluation,FOODS_3_406,FOODS_3,FOODS,CA_1,CA,d_1941,20,2016-05-22,2,5,2016,,,0,11617,0.8,Mon,26.0,8.0,9.0,21.714285714285715,13.607142857142858,6.9453650183483,6,22,20,1,0,0,0,0,0,0,0,0.0,0.9778707004042972,0
FOODS_3_234_CA_1_evaluation,FOODS_3_234,FOODS_3,FOODS,CA_1,CA,d_1941,0,2016-05-22,2,5,2016,,,0,11617,0.25,Mon,8.0,6.0,8.0,6.571428571428571,7.321428571428571,5.996030432909739,6,22,20,1,0,0,0,0,0,0,0,0.0,1.2384318766066835,0
FOODS_3_202_CA_3_evaluation,FOODS_3_202,FOODS_3,FOODS,CA_3,CA,d_1941,38,2016-05-22,2,5,2016,,,0,11617,4.68,Mon,23.0,23.0,29.0,20.142857142857142,19.678571428571427,6.91444313083303,6,22,20,1,0,0,0,0,0,0,0,0.0,1.1082741001559218,0
FOODS_2_347_CA_1_evaluation,FOODS_2_347,FOODS_2,FOODS,CA_1,CA,d_1941,9,2016-05-22,2,5,2016,,,0,11617,2.24,Mon,18.0,9.0,11.0,11.0,11.535714285714286,3.366501646120746,6,22,20,1,0,0,0,0,0,0,0,0.0,1.1085687768833998,0
FOODS_2_276_CA_4_evaluation,FOODS_2_276,FOODS_2,FOODS,CA_4,CA,d_1941,5,2016-05-22,2,5,2016,,,0,11617,3.42,Mon,2.0,1.0,4.0,2.571428571428572,2.2857142857142856,1.9023794624226904,6,22,20,1,0,0,0,0,0,0,0,0.0,1.0592915524378217,0
FOODS_2_276_CA_3_evaluation,FOODS_2_276,FOODS_2,FOODS,CA_3,CA,d_1941,9,2016-05-22,2,5,2016,,,0,11617,3.42,Mon,7.0,8.0,3.0,5.714285714285714,6.142857142857143,1.1126972805269957,6,22,20,1,0,0,0,0,0,0,0,0.0,1.0562475337007853,0
FOODS_2_276_CA_2_evaluation,FOODS_2_276,FOODS_2,FOODS,CA_2,CA,d_1941,3,2016-05-22,2,5,2016,,,0,11617,3.42,Mon,6.0,1.0,2.0,3.0,2.7142857142857144,1.9148542155127228,6,22,20,1,0,0,0,0,0,0,0,0.0,1.055401159980667,0
FOODS_2_276_CA_1_evaluation,FOODS_2_276,FOODS_2,FOODS,CA_1,CA,d_1941,19,2016-05-22,2,5,2016,,,0,11617,3.42,Mon,16.0,5.0,12.0,7.857142857142857,8.0,5.36745040121703,6,22,20,1,0,0,0,0,0,0,0,0.0,1.0591969006991933,0
FOODS_2_244_CA_4_evaluation,FOODS_2_244,FOODS_2,FOODS,CA_4,CA,d_1941,5,2016-05-22,2,5,2016,,,0,11617,5.94,Mon,9.0,6.0,8.0,5.285714285714286,5.964285714285714,2.627691364061224,6,22,20,1,0,0,0,0,0,0,0,0.0,1.0176080578709343,0
FOODS_2_244_CA_3_evaluation,FOODS_2_244,FOODS_2,FOODS,CA_3,CA,d_1941,6,2016-05-22,2,5,2016,,,0,11617,5.94,Mon,13.0,11.0,10.0,8.285714285714286,8.857142857142858,3.5456210417119207,6,22,20,1,0,0,0,0,0,0,0,0.0,1.0217745022970903,0
FOODS_2_244_CA_2_evaluation,FOODS_2_244,FOODS_2,FOODS,CA_2,CA,d_1941,4,2016-05-22,2,5,2016,,,0,11617,5.94,Mon,10.0,3.0,9.0,5.714285714285714,5.25,2.1380899352993885,6,22,20,1,0,0,0,0,0,0,0,0.0,1.0173566378771783,0
FOODS_2_244_CA_1_evaluation,FOODS_2_244,FOODS_2,FOODS,CA_1,CA,d_1941,10,2016-05-22,2,5,2016,,,0,11617,5.94,Mon,1.0,2.0,12.0,5.857142857142857,6.107142857142857,2.672612419124379,6,22,20,1,0,0,0,0,0,0,0,0.0,1.0173566378771783,0
FOODS_2_197_CA_4_evaluation,FOODS_2_197,FOODS_2,FOODS,CA_4,CA,d_1941,11,2016-05-22,2,5,2016,,,0,11617,3.42,Mon,10.0,3.0,4.0,6.0,6.214285714285714,1.8257418583505132,6,22,20,1,0,0,0,0,0,0,0,0.0,1.0592915524378217,0
FOODS_2_197_CA_3_evaluation,FOODS_2_197,FOODS_2,FOODS,CA_3,CA,d_1941,12,2016-05-22,2,5,2016,,,0,11617,3.42,Mon,23.0,14.0,9.0,9.285714285714286,9.964285714285714,7.846746368491268,6,22,20,1,0,0,0,0,0,0,0,0.0,1.0562475337007853,0
FOODS_2_197_CA_2_evaluation,FOODS_2_197,FOODS_2,FOODS,CA_2,CA,d_1941,8,2016-05-22,2,5,2016,,,0,11617,3.42,Mon,8.0,2.0,9.0,5.428571428571429,5.607142857142857,5.191568255583383,6,22,20,1,0,0,0,0,0,0,0,0.0,1.0570952660008153,0
FOODS_2_197_CA_1_evaluation,FOODS_2_197,FOODS_2,FOODS,CA_1,CA,d_1941,26,2016-05-22,2,5,2016,,,0,11617,3.42,Mon,32.0,10.0,33.0,22.285714285714285,22.178571428571427,7.4992063072099535,6,22,20,1,0,0,0,0,0,0,0,0.0,1.0592915524378217,0
FOODS_2_019_CA_4_evaluation,FOODS_2_019,FOODS_2,FOODS,CA_4,CA,d_1941,4,2016-05-22,2,5,2016,,,0,11617,3.42,Mon,3.0,0.0,8.0,3.571428571428572,3.2142857142857144,1.39727626201162,6,22,20,1,0,0,0,0,0,0,0,0.0,1.0592915524378217,0
FOODS_2_019_CA_3_evaluation,FOODS_2_019,FOODS_2,FOODS,CA_3,CA,d_1941,8,2016-05-22,2,5,2016,,,0,11617,3.42,Mon,4.0,6.0,11.0,6.571428571428571,7.321428571428571,2.370453040886802,6,22,20,1,0,0,0,0,0,0,0,0.0,1.0562475337007853,0
FOODS_2_019_CA_2_evaluation,FOODS_2_019,FOODS_2,FOODS,CA_2,CA,d_1941,5,2016-05-22,2,5,2016,,,0,11617,3.42,Mon,8.0,3.0,8.0,3.4285714285714284,3.4642857142857144,2.3704530408864075,6,22,20,1,0,0,0,0,0,0,0,0.0,1.0082948609781297,0
FOODS_2_019_CA_1_evaluation,FOODS_2_019,FOODS_2,FOODS,CA_1,CA,d_1941,16,2016-05-22,2,5,2016,,,0,11617,3.42,Mon,24.0,16.0,22.0,14.857142857142858,14.214285714285714,7.603257447273727,6,22,20,1,0,0,0,0,0,0,0,0.0,1.0591969006991933,0
FOODS_1_218_CA_4_evaluation,FOODS_1_218,FOODS_1,FOODS,CA_4,CA,d_1941,10,2016-05-22,2,5,2016,,,0,11617,0.98,Mon,10.0,11.0,9.0,7.0,8.464285714285714,2.380476142847499,6,22,20,1,0,0,0,0,0,0,0,0.0,0.9986035572541524,0
FOODS_1_218_CA_3_evaluation,FOODS_1_218,FOODS_1,FOODS,CA_3,CA,d_1941,5,2016-05-22,2,5,2016,,,0,11617,0.98,Mon,1.0,3.0,19.0,6.285714285714286,8.607142857142858,4.990467102863634,6,22,20,1,0,0,0,0,0,0,0,0.0,0.9986769570011024,0
FOODS_1_218_CA_2_evaluation,FOODS_1_218,FOODS_1,FOODS,CA_2,CA,d_1941,29,2016-05-22,2,5,2016,,,0,11617,0.98,Mon,0.0,3.0,1.0,8.142857142857142,8.214285714285714,5.177791402666181,6,22,20,1,0,0,0,0,0,0,0,0.0,0.9986035572541524,0
FOODS_1_218_CA_1_evaluation,FOODS_1_218,FOODS_1,FOODS,CA_1,CA,d_1941,1,2016-05-22,2,5,2016,,,0,11617,0.98,Mon,6.0,16.0,6.0,6.285714285714286,9.785714285714286,5.186980037050607,6,22,20,1,0,0,0,0,0,0,0,0.0,0.9986035572541524,0
FOODS_2_347_CA_2_evaluation,FOODS_2_347,FOODS_2,FOODS,CA_2,CA,d_1941,10,2016-05-22,2,5,2016,,,0,11617,2.24,Mon,13.0,8.0,14.0,8.142857142857142,8.214285714285714,5.113008619478081,6,22,20,1,0,0,0,0,0,0,0,0.0,1.0655021834061136,0
FOODS_3_202_CA_4_evaluation,FOODS_3_202,FOODS_3,FOODS,CA_4,CA,d_1941,10,2016-05-22,2,5,2016,,,0,11617,4.68,Mon,12.0,14.0,38.0,10.428571428571429,12.464285714285714,2.572750982712475,6,22,20,1,0,0,0,0,0,0,0,0.0,1.0830414265241353,0
FOODS_2_347_CA_3_evaluation,FOODS_2_347,FOODS_2,FOODS,CA_3,CA,d_1941,18,2016-05-22,2,5,2016,,,0,11617,2.24,Mon,10.0,19.0,23.0,8.0,11.0,4.041451884327358,6,22,20,1,0,0,0,0,0,0,0,0.0,1.1098365049584562,0
FOODS_2_360_CA_1_evaluation,FOODS_2_360,FOODS_2,FOODS,CA_1,CA,d_1941,14,2016-05-22,2,5,2016,,,0,11617,0.94,Mon,8.0,10.0,18.0,9.0,11.892857142857142,2.516611478423776,6,22,20,1,0,0,0,0,0,0,0,0.0,1.094846622821756,0
FOODS_3_202_CA_2_evaluation,FOODS_3_202,FOODS_3,FOODS,CA_2,CA,d_1941,19,2016-05-22,2,5,2016,,,0,11617,4.68,Mon,16.0,16.0,10.0,14.142857142857142,13.821428571428571,5.8145957563293456,6,22,20,1,0,0,0,0,0,0,0,0.0,1.0836745211441006,0
FOODS_3_202_CA_1_evaluation,FOODS_3_202,FOODS_3,FOODS,CA_1,CA,d_1941,25,2016-05-22,2,5,2016,,,0,11617,4.68,Mon,15.0,20.0,23.0,14.285714285714286,15.857142857142858,3.0937725468154893,6,22,20,1,0,0,0,0,0,0,0,0.0,1.0832222352068572,0
FOODS_3_120_CA_4_evaluation,FOODS_3_120,FOODS_3,FOODS,CA_4,CA,d_1941,14,2016-05-22,2,5,2016,,,0,11617,4.98,Mon,17.0,29.0,18.0,13.571428571428571,11.5,5.349677337844592,6,22,20,1,0,0,0,0,0,0,0,0.0,0.9999999999999996,0
FOODS_3_120_CA_3_evaluation,FOODS_3_120,FOODS_3,FOODS,CA_3,CA,d_1941,33,2016-05-22,2,5,2016,,,0,11617,4.98,Mon,20.0,48.0,98.0,44.42857142857143,60.07142857142857,15.565529682144414,6,22,20,1,0,0,0,0,0,0,0,0.0,1.000892122052492,0
FOODS_3_120_CA_2_evaluation,FOODS_3_120,FOODS_3,FOODS,CA_2,CA,d_1941,26,2016-05-22,2,5,2016,,,0,11617,4.98,Mon,31.0,0.0,32.0,19.142857142857142,18.678571428571427,9.063269671749644,6,22,20,1,0,0,0,0,0,0,0,0.0,1.0014728554650587,0
FOODS_3_120_CA_1_evaluation,FOODS_3_120,FOODS_3,FOODS,CA_1,CA,d_1941,114,2016-05-22,2,5,2016,,,0,11617,4.98,Mon,43.0,76.0,59.0,37.142857142857146,41.17857142857143,16.056448044618175,6,22,20,1,0,0,0,0,0,0,0,0.0,0.9999999999999996,0
FOODS_3_099_CA_4_evaluation,FOODS_3_099,FOODS_3,FOODS,CA_4,CA,d_1941,16,2016-05-22,2,5,2016,,,0,11617,2.56,Mon,7.0,10.0,17.0,8.0,9.25,1.290994448735575,6,22,20,1,0,0,0,0,0,0,0,0.0,1.0249539385156816,0
FOODS_3_099_CA_3_evaluation,FOODS_3_099,FOODS_3,FOODS,CA_3,CA,d_1941,14,2016-05-22,2,5,2016,,,0,11617,2.56,Mon,9.0,7.0,8.0,9.571428571428571,10.321428571428571,1.1338934190279657,6,22,20,1,0,0,0,0,0,0,0,0.0,1.0251322039232575,0
FOODS_3_099_CA_2_evaluation,FOODS_3_099,FOODS_3,FOODS,CA_2,CA,d_1941,7,2016-05-22,2,5,2016,,,0,11617,2.56,Mon,11.0,13.0,4.0,6.857142857142857,7.107142857142857,3.976119189552021,6,22,20,1,0,0,0,0,0,0,0,0.0,1.0249539385156816,0
FOODS_3_099_CA_1_evaluation,FOODS_3_099,FOODS_3,FOODS,CA_1,CA,d_1941,27,2016-05-22,2,5,2016,,,0,11617,2.56,Mon,15.0,12.0,20.0,14.857142857142858,14.392857142857142,5.871642911161175,6,22,20,1,0,0,0,0,0,0,0,0.0,1.0251322039232575,0
FOODS_3_090_CA_4_evaluation,FOODS_3_090,FOODS_3,FOODS,CA_4,CA,d_1941,38,2016-05-22,2,5,2016,,,0,11617,1.6,Mon,24.0,35.0,18.0,18.857142857142858,23.964285714285715,4.70561974057204,6,22,20,1,0,0,0,0,0,0,0,0.0,1.1551551626017773,0
FOODS_3_090_CA_3_evaluation,FOODS_3_090,FOODS_3,FOODS,CA_3,CA,d_1941,99,2016-05-22,2,5,2016,,,0,11617,1.6,Mon,187.0,167.0,130.0,108.28571428571428,121.0,46.02794182419416,6,22,20,1,0,0,0,0,0,0,0,0.0,1.1910669975186106,0
FOODS_3_090_CA_2_evaluation,FOODS_3_090,FOODS_3,FOODS,CA_2,CA,d_1941,59,2016-05-22,2,5,2016,,,0,11617,1.6,Mon,69.0,62.0,60.0,51.71428571428572,52.67857142857143,14.162324264449948,6,22,20,1,0,0,0,0,0,0,0,0.0,1.1634554507003736,0
FOODS_3_090_CA_1_evaluation,FOODS_3_090,FOODS_3,FOODS,CA_1,CA,d_1941,64,2016-05-22,2,5,2016,,,0,11617,1.6,Mon,74.0,77.0,42.0,54.285714285714285,58.21428571428572,15.424161627292577,6,22,20,1,0,0,0,0,0,0,0,0.0,1.155275482759775,0
FOODS_3_080_CA_4_evaluation,FOODS_3_080,FOODS_3,FOODS,CA_4,CA,d_1941,13,2016-05-22,2,5,2016,,,0,11617,1.68,Mon,11.0,7.0,7.0,7.285714285714286,6.607142857142857,2.497617912751088,6,22,20,1,0,0,0,0,0,0,0,0.0,1.053602931198263,0
FOODS_3_080_CA_3_evaluation,FOODS_3_080,FOODS_3,FOODS,CA_3,CA,d_1941,14,2016-05-22,2,5,2016,,,0,11617,1.68,Mon,10.0,15.0,13.0,15.857142857142858,14.0,4.220133150686578,6,22,20,1,0,0,0,0,0,0,0,0.0,1.0538412813320062,0
FOODS_3_080_CA_2_evaluation,FOODS_3_080,FOODS_3,FOODS,CA_2,CA,d_1941,10,2016-05-22,2,5,2016,,,0,11617,1.68,Mon,12.0,16.0,20.0,12.857142857142858,14.035714285714286,2.672612419124237,6,22,20,1,0,0,0,0,0,0,0,0.0,1.053602931198263,0
FOODS_3_080_CA_1_evaluation,FOODS_3_080,FOODS_3,FOODS,CA_1,CA,d_1941,21,2016-05-22,2,5,2016,,,0,11617,1.68,Mon,26.0,18.0,25.0,19.428571428571427,19.0,5.1269595556932055,6,22,20,1,0,0,0,0,0,0,0,0.0,1.053602931198263,0
FOODS_2_360_CA_4_evaluation,FOODS_2_360,FOODS_2,FOODS,CA_4,CA,d_1941,9,2016-05-22,2,5,2016,,,0,11617,0.94,Mon,14.0,28.0,2.0,6.285714285714286,6.535714285714286,5.879747322073358,6,22,20,1,0,0,0,0,0,0,0,0.0,1.093927620692136,0
FOODS_2_360_CA_3_evaluation,FOODS_2_360,FOODS_2,FOODS,CA_3,CA,d_1941,16,2016-05-22,2,5,2016,,,0,11617,0.94,Mon,8.0,21.0,31.0,10.0,15.321428571428571,5.859465277082718,6,22,20,1,0,0,0,0,0,0,0,0.0,1.1275259859842537,0
FOODS_2_360_CA_2_evaluation,FOODS_2_360,FOODS_2,FOODS,CA_2,CA,d_1941,18,2016-05-22,2,5,2016,,,0,11617,0.94,Mon,13.0,14.0,10.0,10.857142857142858,8.642857142857142,3.97611918955204,6,22,20,1,0,0,0,0,0,0,0,0.0,1.0944788367405702,0
FOODS_2_347_CA_4_evaluation,FOODS_2_347,FOODS_2,FOODS,CA_4,CA,d_1941,7,2016-05-22,2,5,2016,,,0,11617,2.24,Mon,13.0,3.0,16.0,7.571428571428571,6.75,4.649628761422516,6,22,20,1,0,0,0,0,0,0,0,0.0,1.109043835371842,0
HOUSEHOLD_1_334_CA_3_evaluation,HOUSEHOLD_1_334,HOUSEHOLD_1,HOUSEHOLD,CA_3,CA,d_1941,21,2016-05-22,2,5,2016,,,0,11617,0.97,Mon,12.0,8.0,29.0,14.857142857142858,15.107142857142858,4.413183712037211,6,22,20,1,0,0,0,0,0,0,0,0.0,0.9913153191041948,0
FOODS_3_406_CA_2_evaluation,FOODS_3_406,FOODS_3,FOODS,CA_2,CA,d_1941,9,2016-05-22,2,5,2016,,,0,11617,0.8,Mon,12.0,5.0,2.0,3.857142857142857,4.607142857142857,4.220133150686576,6,22,20,1,0,0,0,0,0,0,0,0.0,0.9783019581159748,0
FOODS_3_491_CA_1_evaluation,FOODS_3_491,FOODS_3,FOODS,CA_1,CA,d_1941,14,2016-05-22,2,5,2016,,,0,11617,1.6,Mon,20.0,6.0,15.0,11.0,11.75,5.446711546122853,6,22,20,1,0,0,0,0,0,0,0,0.0,1.1571738369016835,0
FOODS_3_752_CA_4_evaluation,FOODS_3_752,FOODS_3,FOODS,CA_4,CA,d_1941,2,2016-05-22,2,5,2016,,,0,11617,0.25,Mon,0.0,0.0,9.0,2.571428571428572,2.0357142857142856,3.644957377763752,6,22,20,1,0,0,0,0,0,0,0,0.0,1.2374091546602064,0
FOODS_3_752_CA_3_evaluation,FOODS_3_752,FOODS_3,FOODS,CA_3,CA,d_1941,20,2016-05-22,2,5,2016,,,0,11617,0.25,Mon,3.0,12.0,3.0,11.142857142857142,9.607142857142858,10.286375640113512,6,22,20,1,0,0,0,0,0,0,0,0.0,1.2374091546602064,0
FOODS_3_752_CA_2_evaluation,FOODS_3_752,FOODS_3,FOODS,CA_2,CA,d_1941,0,2016-05-22,2,5,2016,,,0,11617,0.2,Mon,0.0,0.0,0.0,0.0,0.0,0.0,6,22,20,1,0,0,0,0,0,0,0,0.0,1.0,0
FOODS_3_752_CA_1_evaluation,FOODS_3_752,FOODS_3,FOODS,CA_1,CA,d_1941,11,2016-05-22,2,5,2016,,,0,11617,0.25,Mon,5.0,2.0,5.0,6.428571428571429,6.357142857142857,6.399404734221887,6,22,20,1,0,0,0,0,0,0,0,0.0,1.237364043506078,0
FOODS_3_741_CA_4_evaluation,FOODS_3_741,FOODS_3,FOODS,CA_4,CA,d_1941,4,2016-05-22,2,5,2016,,,0,11617,1.35,Mon,9.0,12.0,9.0,9.0,8.642857142857142,7.187952884282612,6,22,20,1,0,0,0,0,0,0,0,0.0,1.0147467150995058,0
FOODS_3_741_CA_3_evaluation,FOODS_3_741,FOODS_3,FOODS,CA_3,CA,d_1941,0,2016-05-22,2,5,2016,,,0,11617,1.35,Mon,7.0,7.0,4.0,5.0,5.75,2.3094010767589985,6,22,20,1,0,0,0,0,0,0,0,0.0,1.030927632251922,0
FOODS_3_741_CA_2_evaluation,FOODS_3_741,FOODS_3,FOODS,CA_2,CA,d_1941,10,2016-05-22,2,5,2016,,,0,11617,1.35,Mon,22.0,7.0,14.0,9.857142857142858,8.535714285714286,6.466028441750291,6,22,20,1,0,0,0,0,0,0,0,0.0,1.0138123150136382,0
FOODS_3_741_CA_1_evaluation,FOODS_3_741,FOODS_3,FOODS,CA_1,CA,d_1941,21,2016-05-22,2,5,2016,,,0,11617,1.35,Mon,12.0,18.0,24.0,14.0,16.857142857142858,3.511884584283677,6,22,20,1,0,0,0,0,0,0,0,0.0,1.014691702711808,0
FOODS_3_739_CA_4_evaluation,FOODS_3_739,FOODS_3,FOODS,CA_4,CA,d_1941,4,2016-05-22,2,5,2016,,,0,11617,1.5,Mon,3.0,7.0,11.0,4.285714285714286,5.821428571428571,2.627691364061201,6,22,20,1,0,0,0,0,0,0,0,0.0,1.0,0
FOODS_3_739_CA_3_evaluation,FOODS_3_739,FOODS_3,FOODS,CA_3,CA,d_1941,14,2016-05-22,2,5,2016,,,0,11617,1.5,Mon,33.0,24.0,31.0,17.428571428571427,20.571428571428573,7.913219801007021,6,22,20,1,0,0,0,0,0,0,0,0.0,1.002910602910603,0
FOODS_3_739_CA_2_evaluation,FOODS_3_739,FOODS_3,FOODS,CA_2,CA,d_1941,27,2016-05-22,2,5,2016,,,0,11617,1.5,Mon,42.0,22.0,43.0,23.0,22.5,11.430952132988091,6,22,20,1,0,0,0,0,0,0,0,0.0,1.0,0
FOODS_3_739_CA_1_evaluation,FOODS_3_739,FOODS_3,FOODS,CA_1,CA,d_1941,16,2016-05-22,2,5,2016,,,0,11617,1.5,Mon,17.0,16.0,7.0,10.142857142857142,9.75,4.1804533816552,6,22,20,1,0,0,0,0,0,0,0,0.0,1.0,0
FOODS_3_723_CA_4_evaluation,FOODS_3_723,FOODS_3,FOODS,CA_4,CA,d_1941,7,2016-05-22,2,5,2016,,,0,11617,1.6,Mon,2.0,14.0,8.0,6.142857142857143,8.392857142857142,3.5321651258386115,6,22,20,1,0,0,0,0,0,0,0,0.0,1.159199578961513,0
FOODS_3_723_CA_3_evaluation,FOODS_3_723,FOODS_3,FOODS,CA_3,CA,d_1941,15,2016-05-22,2,5,2016,,,0,11617,1.6,Mon,40.0,22.0,23.0,24.428571428571427,24.857142857142858,11.588171308956207,6,22,20,1,0,0,0,0,0,0,0,0.0,1.186607112153782,0
FOODS_3_723_CA_2_evaluation,FOODS_3_723,FOODS_3,FOODS,CA_2,CA,d_1941,22,2016-05-22,2,5,2016,,,0,11617,1.6,Mon,15.0,13.0,12.0,17.857142857142858,14.928571428571429,7.668736780560668,6,22,20,1,0,0,0,0,0,0,0,0.0,1.1633334207381714,0
FOODS_3_723_CA_1_evaluation,FOODS_3_723,FOODS_3,FOODS,CA_1,CA,d_1941,17,2016-05-22,2,5,2016,,,0,11617,1.6,Mon,16.0,18.0,15.0,10.142857142857142,12.0,5.080307452263748,6,22,20,1,0,0,0,0,0,0,0,0.0,1.158715175303428,0
FOODS_3_714_CA_4_evaluation,FOODS_3_714,FOODS_3,FOODS,CA_4,CA,d_1941,3,2016-05-22,2,5,2016,,,0,11617,1.58,Mon,8.0,9.0,8.0,12.0,8.714285714285714,5.773502691896205,6,22,20,1,0,0,0,0,0,0,0,0.0,1.0374131480491715,0
FOODS_3_714_CA_3_evaluation,FOODS_3_714,FOODS_3,FOODS,CA_3,CA,d_1941,30,2016-05-22,2,5,2016,,,0,11617,1.58,Mon,27.0,35.0,40.0,25.571428571428573,31.428571428571427,5.826867164470153,6,22,20,1,0,0,0,0,0,0,0,0.0,1.0374131480491715,0
FOODS_3_714_CA_2_evaluation,FOODS_3_714,FOODS_3,FOODS,CA_2,CA,d_1941,26,2016-05-22,2,5,2016,,,0,11617,1.58,Mon,20.0,21.0,24.0,18.0,17.428571428571427,3.464101615137881,6,22,20,1,0,0,0,0,0,0,0,0.0,1.0371675549903951,0
FOODS_3_714_CA_1_evaluation,FOODS_3_714,FOODS_3,FOODS,CA_1,CA,d_1941,23,2016-05-22,2,5,2016,,,0,11617,1.58,Mon,34.0,37.0,27.0,20.428571428571427,19.321428571428573,6.294366339755286,6,22,20,1,0,0,0,0,0,0,0,0.0,1.0374131480491715,0
FOODS_3_711_CA_4_evaluation,FOODS_3_711,FOODS_3,FOODS,CA_4,CA,d_1941,0,2016-05-22,2,5,2016,,,0,11617,0.25,Mon,13.0,0.0,0.0,4.285714285714286,2.607142857142857,6.343350474165466,6,22,20,1,0,0,0,0,0,0,0,0.0,1.2374091546602064,0
FOODS_3_764_CA_1_evaluation,FOODS_3_764,FOODS_3,FOODS,CA_1,CA,d_1941,21,2016-05-22,2,5,2016,,,0,11617,2.98,Mon,26.0,10.0,10.0,15.714285714285714,9.5,7.273565968956456,6,22,20,1,0,0,0,0,0,0,0,0.0,1.0000000000000002,0
FOODS_3_711_CA_3_evaluation,FOODS_3_711,FOODS_3,FOODS,CA_3,CA,d_1941,2,2016-05-22,2,5,2016,,,0,11617,0.25,Mon,2.0,0.0,6.0,9.285714285714286,10.928571428571429,5.736267244887426,6,22,20,1,0,0,0,0,0,0,0,0.0,1.2374091546602064,0
FOODS_3_764_CA_2_evaluation,FOODS_3_764,FOODS_3,FOODS,CA_2,CA,d_1941,12,2016-05-22,2,5,2016,,,0,11617,2.98,Mon,3.0,1.0,12.0,4.714285714285714,3.678571428571429,5.648430038936703,6,22,20,1,0,0,0,0,0,0,0,0.0,1.0357147230374253,0
FOODS_3_764_CA_4_evaluation,FOODS_3_764,FOODS_3,FOODS,CA_4,CA,d_1941,5,2016-05-22,2,5,2016,,,0,11617,2.98,Mon,7.0,4.0,3.0,5.857142857142857,6.142857142857143,1.676163419695045,6,22,20,1,0,0,0,0,0,0,0,0.0,1.0000000000000002,0
HOUSEHOLD_1_334_CA_1_evaluation,HOUSEHOLD_1_334,HOUSEHOLD_1,HOUSEHOLD,CA_1,CA,d_1941,5,2016-05-22,2,5,2016,,,0,11617,0.97,Mon,3.0,4.0,9.0,5.857142857142857,4.0,5.843188953204977,6,22,20,1,0,0,0,0,0,0,0,0.0,0.9913300729689368,0
HOUSEHOLD_1_118_CA_4_evaluation,HOUSEHOLD_1_118,HOUSEHOLD_1,HOUSEHOLD,CA_4,CA,d_1941,2,2016-05-22,2,5,2016,,,0,11617,0.97,Mon,0.0,2.0,5.0,1.1428571428571428,1.9285714285714288,1.4638501094228118,6,22,20,1,0,0,0,0,0,0,0,0.0,0.9999999999999998,0
HOUSEHOLD_1_118_CA_3_evaluation,HOUSEHOLD_1_118,HOUSEHOLD_1,HOUSEHOLD,CA_3,CA,d_1941,28,2016-05-22,2,5,2016,,,0,11617,0.97,Mon,39.0,36.0,31.0,30.285714285714285,23.928571428571427,9.050124966251088,6,22,20,1,0,0,0,0,0,0,0,0.0,0.9999999999999998,0
HOUSEHOLD_1_118_CA_2_evaluation,HOUSEHOLD_1_118,HOUSEHOLD_1,HOUSEHOLD,CA_2,CA,d_1941,6,2016-05-22,2,5,2016,,,0,11617,0.97,Mon,5.0,5.0,6.0,6.285714285714286,5.642857142857143,7.204495950776979,6,22,20,1,0,0,0,0,0,0,0,0.0,0.9999999999999998,0
HOUSEHOLD_1_118_CA_1_evaluation,HOUSEHOLD_1_118,HOUSEHOLD_1,HOUSEHOLD,CA_1,CA,d_1941,16,2016-05-22,2,5,2016,,,0,11617,0.97,Mon,17.0,3.0,9.0,9.714285714285714,8.25,4.572172558506714,6,22,20,1,0,0,0,0,0,0,0,0.0,0.9999999999999998,0
HOBBIES_1_371_CA_4_evaluation,HOBBIES_1_371,HOBBIES_1,HOBBIES,CA_4,CA,d_1941,8,2016-05-22,2,5,2016,,,0,11617,0.48,Mon,6.0,5.0,9.0,6.857142857142857,7.535714285714286,4.670066788550668,6,22,20,1,0,0,0,0,0,0,0,0.0,1.008792065485729,0
HOBBIES_1_371_CA_3_evaluation,HOBBIES_1_371,HOBBIES_1,HOBBIES,CA_3,CA,d_1941,6,2016-05-22,2,5,2016,,,0,11617,0.48,Mon,7.0,7.0,8.0,4.714285714285714,6.892857142857143,2.8115408417380947,6,22,20,1,0,0,0,0,0,0,0,0.0,1.015565729234794,0
HOBBIES_1_371_CA_2_evaluation,HOBBIES_1_371,HOBBIES_1,HOBBIES,CA_2,CA,d_1941,14,2016-05-22,2,5,2016,,,0,11617,0.48,Mon,8.0,0.0,0.0,2.2857142857142856,3.4642857142857144,2.870208222079839,6,22,20,1,0,0,0,0,0,0,0,0.0,1.007875378623972,0
HOBBIES_1_371_CA_1_evaluation,HOBBIES_1_371,HOBBIES_1,HOBBIES,CA_1,CA,d_1941,12,2016-05-22,2,5,2016,,,0,11617,0.48,Mon,0.0,8.0,2.0,7.285714285714286,10.214285714285714,9.928314487939495,6,22,20,1,0,0,0,0,0,0,0,0.0,1.0084863179771386,0
HOBBIES_1_348_CA_4_evaluation,HOBBIES_1_348,HOBBIES_1,HOBBIES,CA_4,CA,d_1941,3,2016-05-22,2,5,2016,,,0,11617,0.48,Mon,5.0,9.0,6.0,5.0,6.0,9.451631252505202,6,22,20,1,0,0,0,0,0,0,0,0.0,1.0084863179771386,0
HOBBIES_1_348_CA_3_evaluation,HOBBIES_1_348,HOBBIES_1,HOBBIES,CA_3,CA,d_1941,2,2016-05-22,2,5,2016,,,0,11617,0.48,Mon,11.0,4.0,0.0,6.857142857142857,5.107142857142857,4.017817460121794,6,22,20,1,0,0,0,0,0,0,0,0.0,1.0157982533608083,0
HOBBIES_1_348_CA_2_evaluation,HOBBIES_1_348,HOBBIES_1,HOBBIES,CA_2,CA,d_1941,19,2016-05-22,2,5,2016,,,0,11617,0.48,Mon,12.0,8.0,3.0,4.0,3.892857142857143,3.60555127546394,6,22,20,1,0,0,0,0,0,0,0,0.0,1.0077227594263092,0
HOBBIES_1_348_CA_1_evaluation,HOBBIES_1_348,HOBBIES_1,HOBBIES,CA_1,CA,d_1941,24,2016-05-22,2,5,2016,,,0,11617,0.48,Mon,7.0,15.0,26.0,8.857142857142858,9.428571428571429,9.511897312113463,6,22,20,1,0,0,0,0,0,0,0,0.0,1.0084863179771386,0
FOODS_3_808_CA_4_evaluation,FOODS_3_808,FOODS_3,FOODS,CA_4,CA,d_1941,0,2016-05-22,2,5,2016,,,0,11617,1.0,Mon,0.0,0.0,0.0,0.0,0.0,0.0,6,22,20,1,0,0,0,0,0,0,0,0.0,0.9982719249521692,0
FOODS_3_808_CA_3_evaluation,FOODS_3_808,FOODS_3,FOODS,CA_3,CA,d_1941,0,2016-05-22,2,5,2016,,,0,11617,0.88,Mon,0.0,0.0,0.0,0.0,0.2142857142857142,0.0,6,22,20,1,0,0,0,0,0,0,0,0.0,0.8920129931169902,0
FOODS_3_808_CA_2_evaluation,FOODS_3_808,FOODS_3,FOODS,CA_2,CA,d_1941,0,2016-05-22,2,5,2016,,,0,11617,0.88,Mon,0.0,0.0,0.0,0.0,0.1071428571428571,0.0,6,22,20,1,0,0,0,0,0,0,0,0.0,0.8804899171099839,0
FOODS_3_808_CA_1_evaluation,FOODS_3_808,FOODS_3,FOODS,CA_1,CA,d_1941,0,2016-05-22,2,5,2016,,,0,11617,1.0,Mon,0.0,0.0,0.0,0.0,0.0,0.0,6,22,20,1,0,0,0,0,0,0,0,0.0,0.9993512711995306,0
FOODS_3_804_CA_4_evaluation,FOODS_3_804,FOODS_3,FOODS,CA_4,CA,d_1941,8,2016-05-22,2,5,2016,,,0,11617,1.88,Mon,10.0,3.0,0.0,7.571428571428571,5.964285714285714,1.5118578920367896,6,22,20,1,0,0,0,0,0,0,0,0.0,1.0000000000000004,0
FOODS_3_804_CA_3_evaluation,FOODS_3_804,FOODS_3,FOODS,CA_3,CA,d_1941,32,2016-05-22,2,5,2016,,,0,11617,1.88,Mon,0.0,14.0,18.0,13.428571428571429,13.678571428571429,8.791229395580185,6,22,20,1,0,0,0,0,0,0,0,0.0,1.0000000000000004,0
FOODS_3_804_CA_2_evaluation,FOODS_3_804,FOODS_3,FOODS,CA_2,CA,d_1941,1,2016-05-22,2,5,2016,,,0,11617,1.88,Mon,29.0,15.0,20.0,21.142857142857142,20.428571428571427,11.838194843085509,6,22,20,1,0,0,0,0,0,0,0,0.0,1.0000000000000004,0
FOODS_3_804_CA_1_evaluation,FOODS_3_804,FOODS_3,FOODS,CA_1,CA,d_1941,2,2016-05-22,2,5,2016,,,0,11617,1.88,Mon,20.0,8.0,2.0,8.571428571428571,4.071428571428571,5.740416444159853,6,22,20,1,0,0,0,0,0,0,0,0.0,1.0000000000000004,0
FOODS_3_764_CA_3_evaluation,FOODS_3_764,FOODS_3,FOODS,CA_3,CA,d_1941,15,2016-05-22,2,5,2016,,,0,11617,2.98,Mon,19.0,22.0,18.0,19.0,15.678571428571429,4.760952285695365,6,22,20,1,0,0,0,0,0,0,0,0.0,1.0023226509821894,0
FOODS_3_406_CA_3_evaluation,FOODS_3_406,FOODS_3,FOODS,CA_3,CA,d_1941,16,2016-05-22,2,5,2016,,,0,11617,0.8,Mon,20.0,20.0,10.0,14.285714285714286,12.785714285714286,7.565586245499792,6,22,20,1,0,0,0,0,0,0,0,0.0,0.9775259678942396,0
FOODS_3_711_CA_2_evaluation,FOODS_3_711,FOODS_3,FOODS,CA_2,CA,d_1941,4,2016-05-22,2,5,2016,,,0,11617,0.25,Mon,0.0,6.0,0.0,3.7142857142857135,3.321428571428572,3.946064947695638,6,22,20,1,0,0,0,0,0,0,0,0.0,1.2374091546602064,0
FOODS_3_702_CA_4_evaluation,FOODS_3_702,FOODS_3,FOODS,CA_4,CA,d_1941,11,2016-05-22,2,5,2016,,,0,11617,3.0,Mon,10.0,4.0,5.0,10.428571428571429,10.142857142857142,4.577377082170639,6,22,20,1,0,0,0,0,0,0,0,0.0,1.0021202337764257,0
FOODS_3_586_CA_2_evaluation,FOODS_3_586,FOODS_3,FOODS,CA_2,CA,d_1941,62,2016-05-22,2,5,2016,,,0,11617,1.68,Mon,41.0,38.0,36.0,36.57142857142857,34.964285714285715,7.412987316350951,6,22,20,1,0,0,0,0,0,0,0,0.0,1.053602931198263,0
FOODS_3_586_CA_1_evaluation,FOODS_3_586,FOODS_3,FOODS,CA_1,CA,d_1941,43,2016-05-22,2,5,2016,,,0,11617,1.68,Mon,71.0,61.0,54.0,40.42857142857143,41.642857142857146,16.721813526619904,6,22,20,1,0,0,0,0,0,0,0,0.0,1.053602931198263,0
FOODS_3_555_CA_4_evaluation,FOODS_3_555,FOODS_3,FOODS,CA_4,CA,d_1941,7,2016-05-22,2,5,2016,,,0,11617,1.68,Mon,8.0,10.0,7.0,9.857142857142858,8.035714285714286,1.864454471471616,6,22,20,1,0,0,0,0,0,0,0,0.0,1.053602931198263,0
FOODS_3_555_CA_3_evaluation,FOODS_3_555,FOODS_3,FOODS,CA_3,CA,d_1941,54,2016-05-22,2,5,2016,,,0,11617,1.68,Mon,21.0,31.0,36.0,30.142857142857142,31.75,7.174690967295261,6,22,20,1,0,0,0,0,0,0,0,0.0,1.0538412813320062,0
FOODS_3_555_CA_2_evaluation,FOODS_3_555,FOODS_3,FOODS,CA_2,CA,d_1941,25,2016-05-22,2,5,2016,,,0,11617,1.68,Mon,25.0,24.0,36.0,19.714285714285715,20.035714285714285,4.3479606604431575,6,22,20,1,0,0,0,0,0,0,0,0.0,1.053602931198263,0
FOODS_3_555_CA_1_evaluation,FOODS_3_555,FOODS_3,FOODS,CA_1,CA,d_1941,26,2016-05-22,2,5,2016,,,0,11617,1.68,Mon,25.0,27.0,24.0,21.714285714285715,20.464285714285715,6.156684327197736,6,22,20,1,0,0,0,0,0,0,0,0.0,1.053602931198263,0
FOODS_3_541_CA_4_evaluation,FOODS_3_541,FOODS_3,FOODS,CA_4,CA,d_1941,0,2016-05-22,2,5,2016,,,0,11617,1.0,Mon,0.0,0.0,0.0,0.0,0.0,0.0,6,22,20,1,0,0,0,0,0,0,0,0.0,0.9976254355937954,0
FOODS_3_541_CA_3_evaluation,FOODS_3_541,FOODS_3,FOODS,CA_3,CA,d_1941,0,2016-05-22,2,5,2016,,,0,11617,0.88,Mon,0.0,0.0,0.0,0.0,0.1428571428571428,0.0,6,22,20,1,0,0,0,0,0,0,0,0.0,0.8897362170271284,0
FOODS_3_541_CA_2_evaluation,FOODS_3_541,FOODS_3,FOODS,CA_2,CA,d_1941,0,2016-05-22,2,5,2016,,,0,11617,0.88,Mon,0.0,0.0,0.0,0.0,0.1428571428571428,0.0,6,22,20,1,0,0,0,0,0,0,0,0.0,0.8782082922013821,0
FOODS_3_541_CA_1_evaluation,FOODS_3_541,FOODS_3,FOODS,CA_1,CA,d_1941,0,2016-05-22,2,5,2016,,,0,11617,1.0,Mon,0.0,0.0,0.0,0.0,0.0,0.0,6,22,20,1,0,0,0,0,0,0,0,0.0,0.9993512711995306,0
FOODS_3_501_CA_4_evaluation,FOODS_3_501,FOODS_3,FOODS,CA_4,CA,d_1941,8,2016-05-22,2,5,2016,,,0,11617,0.8,Mon,14.0,3.0,8.0,8.714285714285714,6.928571428571429,3.5456210417116725,6,22,20,1,0,0,0,0,0,0,0,0.0,0.9783019581159748,0
FOODS_3_501_CA_3_evaluation,FOODS_3_501,FOODS_3,FOODS,CA_3,CA,d_1941,40,2016-05-22,2,5,2016,,,0,11617,0.8,Mon,12.0,13.0,23.0,13.428571428571429,14.714285714285714,5.503245795501705,6,22,20,1,0,0,0,0,0,0,0,0.0,0.9847730544580514,0
FOODS_3_501_CA_2_evaluation,FOODS_3_501,FOODS_3,FOODS,CA_2,CA,d_1941,2,2016-05-22,2,5,2016,,,0,11617,0.8,Mon,11.0,6.0,13.0,6.857142857142857,5.892857142857143,3.670993118515824,6,22,20,1,0,0,0,0,0,0,0,0.0,0.9781294093932676,0
FOODS_3_501_CA_1_evaluation,FOODS_3_501,FOODS_3,FOODS,CA_1,CA,d_1941,40,2016-05-22,2,5,2016,,,0,11617,0.8,Mon,46.0,15.0,16.0,24.428571428571427,22.071428571428573,12.421180068162457,6,22,20,1,0,0,0,0,0,0,0,0.0,0.9782156761455983,0
FOODS_3_499_CA_4_evaluation,FOODS_3_499,FOODS_3,FOODS,CA_4,CA,d_1941,9,2016-05-22,2,5,2016,,,0,11617,2.56,Mon,7.0,8.0,8.0,4.857142857142857,5.214285714285714,2.410295378065494,6,22,20,1,0,0,0,0,0,0,0,0.0,1.0222169977665452,0
FOODS_3_499_CA_3_evaluation,FOODS_3_499,FOODS_3,FOODS,CA_3,CA,d_1941,32,2016-05-22,2,5,2016,,,0,11617,2.56,Mon,16.0,23.0,36.0,12.428571428571429,18.071428571428573,3.258688021128764,6,22,20,1,0,0,0,0,0,0,0,0.0,1.0222283866352284,0
FOODS_3_499_CA_2_evaluation,FOODS_3_499,FOODS_3,FOODS,CA_2,CA,d_1941,26,2016-05-22,2,5,2016,,,0,11617,2.56,Mon,21.0,12.0,0.0,13.428571428571429,9.464285714285714,9.198861213163712,6,22,20,1,0,0,0,0,0,0,0,0.0,1.0222169977665452,0
FOODS_3_499_CA_1_evaluation,FOODS_3_499,FOODS_3,FOODS,CA_1,CA,d_1941,2,2016-05-22,2,5,2016,,,0,11617,2.56,Mon,5.0,3.0,22.0,12.285714285714286,13.464285714285714,6.156684327197652,6,22,20,1,0,0,0,0,0,0,0,0.0,1.0222283866352284,0
FOODS_3_491_CA_4_evaluation,FOODS_3_491,FOODS_3,FOODS,CA_4,CA,d_1941,5,2016-05-22,2,5,2016,,,0,11617,1.6,Mon,11.0,19.0,14.0,5.571428571428571,8.357142857142858,3.457221565416391,6,22,20,1,0,0,0,0,0,0,0,0.0,1.1613236157490685,0
FOODS_3_491_CA_3_evaluation,FOODS_3_491,FOODS_3,FOODS,CA_3,CA,d_1941,9,2016-05-22,2,5,2016,,,0,11617,1.6,Mon,14.0,11.0,14.0,8.714285714285714,9.642857142857142,5.618845839799208,6,22,20,1,0,0,0,0,0,0,0,0.0,1.195850564886907,0
FOODS_3_491_CA_2_evaluation,FOODS_3_491,FOODS_3,FOODS,CA_2,CA,d_1941,4,2016-05-22,2,5,2016,,,0,11617,1.6,Mon,9.0,6.0,10.0,7.857142857142857,9.678571428571429,3.236694374850644,6,22,20,1,0,0,0,0,0,0,0,0.0,1.1678349026804251,0
FOODS_3_586_CA_3_evaluation,FOODS_3_586,FOODS_3,FOODS,CA_3,CA,d_1941,89,2016-05-22,2,5,2016,,,0,11617,1.68,Mon,72.0,75.0,78.0,67.85714285714286,66.85714285714286,5.580578567034819,6,22,20,1,0,0,0,0,0,0,0,0.0,1.0538412813320062,0
FOODS_3_711_CA_1_evaluation,FOODS_3_711,FOODS_3,FOODS,CA_1,CA,d_1941,16,2016-05-22,2,5,2016,,,0,11617,0.25,Mon,0.0,12.0,0.0,9.428571428571429,5.285714285714286,14.649882170824748,6,22,20,1,0,0,0,0,0,0,0,0.0,1.2374091546602064,0
FOODS_3_586_CA_4_evaluation,FOODS_3_586,FOODS_3,FOODS,CA_4,CA,d_1941,13,2016-05-22,2,5,2016,,,0,11617,1.68,Mon,16.0,16.0,19.0,18.571428571428573,17.678571428571427,5.855400437691209,6,22,20,1,0,0,0,0,0,0,0,0.0,1.053602931198263,0
FOODS_3_587_CA_2_evaluation,FOODS_3_587,FOODS_3,FOODS,CA_2,CA,d_1941,38,2016-05-22,2,5,2016,,,0,11617,2.48,Mon,39.0,23.0,25.0,22.285714285714285,21.571428571428573,12.697956341006028,6,22,20,1,0,0,0,0,0,0,0,0.0,0.9689996135016749,0
FOODS_3_702_CA_3_evaluation,FOODS_3_702,FOODS_3,FOODS,CA_3,CA,d_1941,28,2016-05-22,2,5,2016,,,0,11617,3.0,Mon,30.0,21.0,9.0,25.142857142857142,24.178571428571427,6.743603671346143,6,22,20,1,0,0,0,0,0,0,0,0.0,1.0017581948740537,0
FOODS_3_702_CA_2_evaluation,FOODS_3_702,FOODS_3,FOODS,CA_2,CA,d_1941,20,2016-05-22,2,5,2016,,,0,11617,3.0,Mon,17.0,15.0,10.0,9.714285714285714,11.0,5.648430038936633,6,22,20,1,0,0,0,0,0,0,0,0.0,1.0017581948740537,0
FOODS_3_702_CA_1_evaluation,FOODS_3_702,FOODS_3,FOODS,CA_1,CA,d_1941,14,2016-05-22,2,5,2016,,,0,11617,3.0,Mon,22.0,21.0,15.0,17.857142857142858,16.142857142857142,5.610364558225163,6,22,20,1,0,0,0,0,0,0,0,0.0,1.0017340682479718,0
FOODS_3_694_CA_4_evaluation,FOODS_3_694,FOODS_3,FOODS,CA_4,CA,d_1941,4,2016-05-22,2,5,2016,,,0,11617,1.68,Mon,6.0,5.0,7.0,7.0,6.142857142857143,1.2909944487357956,6,22,20,1,0,0,0,0,0,0,0,0.0,1.0469726255225422,0
FOODS_3_694_CA_3_evaluation,FOODS_3_694,FOODS_3,FOODS,CA_3,CA,d_1941,19,2016-05-22,2,5,2016,,,0,11617,1.68,Mon,22.0,16.0,24.0,17.428571428571427,18.25,3.994043183589857,6,22,20,1,0,0,0,0,0,0,0,0.0,1.046737371921625,0
FOODS_3_694_CA_2_evaluation,FOODS_3_694,FOODS_3,FOODS,CA_2,CA,d_1941,10,2016-05-22,2,5,2016,,,0,11617,1.68,Mon,10.0,7.0,8.0,11.857142857142858,9.321428571428571,3.891382420536029,6,22,20,1,0,0,0,0,0,0,0,0.0,1.0469726255225422,0
FOODS_3_694_CA_1_evaluation,FOODS_3_694,FOODS_3,FOODS,CA_1,CA,d_1941,11,2016-05-22,2,5,2016,,,0,11617,1.68,Mon,13.0,21.0,16.0,9.428571428571429,10.964285714285714,4.995235825502302,6,22,20,1,0,0,0,0,0,0,0,0.0,1.0469726255225422,0
FOODS_3_681_CA_4_evaluation,FOODS_3_681,FOODS_3,FOODS,CA_4,CA,d_1941,27,2016-05-22,2,5,2016,,,0,11617,1.0,Mon,3.0,20.0,4.0,5.571428571428571,8.0,5.159365040297836,6,22,20,1,0,0,0,0,0,0,0,0.0,0.9083719036498674,0
FOODS_3_681_CA_3_evaluation,FOODS_3_681,FOODS_3,FOODS,CA_3,CA,d_1941,78,2016-05-22,2,5,2016,,,0,11617,1.0,Mon,52.0,50.0,15.0,69.57142857142857,42.5,18.73372309372548,6,22,20,1,0,0,0,0,0,0,0,0.0,0.9120169153060026,0
FOODS_3_681_CA_2_evaluation,FOODS_3_681,FOODS_3,FOODS,CA_2,CA,d_1941,24,2016-05-22,2,5,2016,,,0,11617,1.0,Mon,11.0,21.0,17.0,12.857142857142858,11.607142857142858,7.58130532798868,6,22,20,1,0,0,0,0,0,0,0,0.0,0.904962607933459,0
FOODS_3_681_CA_1_evaluation,FOODS_3_681,FOODS_3,FOODS,CA_1,CA,d_1941,45,2016-05-22,2,5,2016,,,0,11617,1.0,Mon,28.0,25.0,26.0,19.714285714285715,20.464285714285715,9.05012496625142,6,22,20,1,0,0,0,0,0,0,0,0.0,0.9047263913489326,0
FOODS_3_635_CA_4_evaluation,FOODS_3_635,FOODS_3,FOODS,CA_4,CA,d_1941,0,2016-05-22,2,5,2016,,,0,11617,1.0,Mon,0.0,0.0,0.0,0.0,0.0,0.0,6,22,20,1,0,0,0,0,0,0,0,0.0,0.9976254355937954,0
FOODS_3_635_CA_3_evaluation,FOODS_3_635,FOODS_3,FOODS,CA_3,CA,d_1941,0,2016-05-22,2,5,2016,,,0,11617,0.88,Mon,8.0,0.0,0.0,1.7142857142857142,1.0714285714285714,3.1471831698840798,6,22,20,1,0,0,0,0,0,0,0,0.0,0.890840626271266,0
FOODS_3_635_CA_2_evaluation,FOODS_3_635,FOODS_3,FOODS,CA_2,CA,d_1941,0,2016-05-22,2,5,2016,,,0,11617,0.88,Mon,0.0,0.0,0.0,0.5714285714285714,0.3571428571428571,1.5118578920363348,6,22,20,1,0,0,0,0,0,0,0,0.0,0.8799184001483633,0
FOODS_3_635_CA_1_evaluation,FOODS_3_635,FOODS_3,FOODS,CA_1,CA,d_1941,0,2016-05-22,2,5,2016,,,0,11617,1.0,Mon,0.0,0.0,0.0,0.0,0.0,0.0,6,22,20,1,0,0,0,0,0,0,0,0.0,0.99956742059078,0
FOODS_3_607_CA_4_evaluation,FOODS_3_607,FOODS_3,FOODS,CA_4,CA,d_1941,3,2016-05-22,2,5,2016,,,0,11617,2.48,Mon,5.0,5.0,3.0,4.0,4.607142857142857,1.4142135623732677,6,22,20,1,0,0,0,0,0,0,0,0.0,1.0987200665250765,0
FOODS_3_607_CA_3_evaluation,FOODS_3_607,FOODS_3,FOODS,CA_3,CA,d_1941,22,2016-05-22,2,5,2016,,,0,11617,2.48,Mon,14.0,25.0,18.0,16.428571428571427,14.642857142857142,5.740416444159248,6,22,20,1,0,0,0,0,0,0,0,0.0,1.1142113974934973,0
FOODS_3_607_CA_2_evaluation,FOODS_3_607,FOODS_3,FOODS,CA_2,CA,d_1941,16,2016-05-22,2,5,2016,,,0,11617,2.48,Mon,19.0,8.0,10.0,10.857142857142858,9.142857142857142,4.336994790119503,6,22,20,1,0,0,0,0,0,0,0,0.0,1.0987200665250765,0
FOODS_3_607_CA_1_evaluation,FOODS_3_607,FOODS_3,FOODS,CA_1,CA,d_1941,24,2016-05-22,2,5,2016,,,0,11617,2.48,Mon,44.0,27.0,20.0,18.0,17.321428571428573,12.476644848141875,6,22,20,1,0,0,0,0,0,0,0,0.0,1.0987200665250765,0
FOODS_3_587_CA_4_evaluation,FOODS_3_587,FOODS_3,FOODS,CA_4,CA,d_1941,13,2016-05-22,2,5,2016,,,0,11617,2.48,Mon,8.0,20.0,29.0,10.571428571428571,12.285714285714286,6.241184258807052,6,22,20,1,0,0,0,0,0,0,0,0.0,0.9692727755986372,0
FOODS_3_587_CA_3_evaluation,FOODS_3_587,FOODS_3,FOODS,CA_3,CA,d_1941,42,2016-05-22,2,5,2016,,,0,11617,2.48,Mon,61.0,42.0,41.0,32.714285714285715,31.25,14.73899912606336,6,22,20,1,0,0,0,0,0,0,0,0.0,0.9894959278734086,0
FOODS_3_587_CA_1_evaluation,FOODS_3_587,FOODS_3,FOODS,CA_1,CA,d_1941,52,2016-05-22,2,5,2016,,,0,11617,2.48,Mon,29.0,21.0,26.0,31.714285714285715,21.892857142857142,7.952238379103766,6,22,20,1,0,0,0,0,0,0,0,0.0,0.9692727755986372,0
HOUSEHOLD_1_334_CA_4_evaluation,HOUSEHOLD_1_334,HOUSEHOLD_1,HOUSEHOLD,CA_4,CA,d_1941,2,2016-05-22,2,5,2016,,,0,11617,0.97,Mon,2.0,2.0,3.0,3.142857142857143,2.892857142857143,1.676163419695052,6,22,20,1,0,0,0,0,0,0,0,0.0,0.9913300729689368,0
